"Pathway","EDF","F_stat","p_value","Dev_explained"
"FERMENTATION-PWY",2.77872612344623,2.27793531661999,0.0668475602695212,42
"LPSSYN-PWY",4.54987684704892,12.5502083221489,0,80.2
"TRPSYN-PWY",1.00072069474077,11.6936201814215,0.000803208027552349,33
"BIOTIN-BIOSYNTHESIS-PWY",3.4367712599349,7.25337401387417,1.99035792783908e-05,48.6
