"Phase","Observed_Top5_Betweenness","Null_Mean","Null_SD","Z_score","P_value"
"Pre-Mission",7783.85165466456,883.514512102389,11.2960387471509,610.863444878193,0
"Early",7413.47567366008,2176.45075193076,136.554444925187,38.3511860386418,0
"Mid",9451.39824975349,3303.66342108405,194.10222526295,31.6726653717706,0
"Late",10894.389310128,3812.52662934592,211.189317374961,33.5332429159208,0
"Post-Mission",5006.75311926094,2370.90154537219,106.699192682522,24.7035756093451,0
