Metric,True_Value,Null_Mean,Null_Std,P_Value,N_Permutations
Classification_Accuracy,0.4716981132075472,0.3549182389937107,0.03074396025440641,0.000999000999000999,1000
Regression_R2,-0.04803719836554898,-0.05987863691237471,0.042110102174921366,0.3926073926073926,1000
