Phase,Observed_Density,Null_Mean,Null_Std,Null_95CI_lo,Null_95CI_hi,P_Value,Observed_Edges,Significant
Early,0.5288220551378446,0.24063795853269535,0.008369211813460252,0.22510252904989747,0.25899977215766684,0.009900990099009901,4642,True
Mid,0.4587954680977937,0.1366153846153846,0.00963772342794526,0.11942456768038164,0.15331246273106738,0.009900990099009901,3847,True
Late,0.5406318082788671,0.21556427015250545,0.010528211478293189,0.1991230936819172,0.23530228758169933,0.009900990099009901,4963,True
Post-Mission,0.6171428571428571,0.4858895238095238,0.01316889413882222,0.4651873015873016,0.5165079365079365,0.009900990099009901,4860,True
