"Taxon","Pathway","r","p_value"
"Faecalibacterium","FERMENTATION-PWY",0.0192623899567954,0.809558677622247
"Faecalibacterium","LPSSYN-PWY",0.207298665969256,0.00874524388801975
"Faecalibacterium","TRPSYN-PWY",0.0781472365836777,0.327519478527247
"Sutterella","FERMENTATION-PWY",0.466166326981928,5.9179275390596e-10
"Sutterella","LPSSYN-PWY",-0.0464168464758963,0.561247632643328
"Sutterella","TRPSYN-PWY",-0.239460905946087,0.00236563923354245
